<?xml version="1.0" encoding="UTF-8" ?>
<modification>
  <generator>Created with OpenIX - https://openix.io/en/tool/opencart/ocmod</generator>
  <name>Session Cookie Modify</name>
  <version>1.0</version>
  <code>session-cookie-modify</code>
  <author>Elson Tan</author>
  <link>nedex.io</link>

  <file path="catalog/controller/startup/session.php">
    <operation>
      <search><![CDATA[setcookie($this->config->get('session_name'), $this->session->getId(), ini_get('session.cookie_lifetime'), ini_get('session.cookie_path'), ini_get('session.cookie_domain'));]]></search>
      <add position="replace"><![CDATA[setcookie($this->config->get('session_name'), $this->session->getId(), ['expires' => ini_get('session.cookie_lifetime'), 'path' => ini_get('session.cookie_path'), 'domain' => ini_get('session.cookie_domain'), 'samesite' => 'None', 'secure' => true, 'httponly' => true]);]]></add>
    </operation>

  </file>

  <file path="system/framework.php">
    <operation>
      <search><![CDATA[setcookie($config->get('session_name'), $session->getId(), ini_get('session.cookie_lifetime'), ini_get('session.cookie_path'), ini_get('session.cookie_domain'));]]></search>
      <add position="replace"><![CDATA[setcookie($this->config->get('session_name'), $this->session->getId(), ['expires' => ini_get('session.cookie_lifetime'), 'path' => ini_get('session.cookie_path'), 'domain' => ini_get('session.cookie_domain'), 'samesite' => 'None', 'secure' => true, 'httponly' => true]);]]></add>
    </operation>

  </file>
</modification>